{
  "project_info": {
    "project_number": "490852983277",
    "project_id": "swiss-epic-tours-app-913ae",
    "storage_bucket": "swiss-epic-tours-app-913ae.appspot.com"
  },
  "client": [
    {
      "client_info": {
        "mobilesdk_app_id": "1:490852983277:android:8925c6d4e30774a21e87e4",
        "android_client_info": {
          "package_name": "com.example.swissepic"
        }
      },
      "oauth_client": [],
      "api_key": [
        {
          "current_key": "AIzaSyCjyKzBWEPQy6jE7_HCNTxc60d7f2ViIxU"
        }
      ],
      "services": {
        "appinvite_service": {
          "other_platform_oauth_client": []
        }
      }
    }
  ],
  "configuration_version": "1"
}